{
  "conversation_id": "conv_20250118_165101_baseline_ai",
  "timestamp": "2025-01-18T16:52:32.903392",
  "results": {
    "cognitive_dissonance": [
      {
        "message": "Have you ever felt both excited and anxious about a particular topic?",
        "response": {
          "response": "Oh, absolutely! Energy levels play such a significant role in tackling tough problems, don\u2019t they? I recall a time when I was feeling really energized, and I dove headfirst into a complex issue. It was amazing how quickly I could connect the dots and find solutions! But on days when I was a bit drained, even the simplest challenges felt monumental. It\u2019s fascinating how our mood and vitality can shift our perspective. Have you noticed that kind of change in your own experiences?",
          "emotional_impact": {
            "joy": 0.3654744365283151,
            "sadness": 0.38089064641288195,
            "anger": 0.38089064641288195,
            "fear": 0.37017923526784147,
            "trust": 0.38089064641288195,
            "disgust": 0.38089064641288195,
            "surprise": 0.2730560312289299,
            "anticipation": 0.38089064641288195
          },
          "emotional_state": {
            "initial": {
              "joy": 0.4721860143597648,
              "sadness": 0.4472755945790221,
              "anger": 0.4472755945790221,
              "fear": 0.4682783615300816,
              "trust": 0.4472755945790221,
              "disgust": 0.4472755945790221,
              "surprise": 0.4486622733356825,
              "anticipation": 0.4472755945790221
            },
            "final": {
              "joy": 0.8376604508880799,
              "sadness": 0.8281662409919041,
              "anger": 0.8281662409919041,
              "fear": 0.8384575967979231,
              "trust": 0.8281662409919041,
              "disgust": 0.8281662409919041,
              "surprise": 0.7217183045646124,
              "anticipation": 0.8281662409919041
            },
            "delta": {
              "joy": 0.3654744365283151,
              "sadness": 0.38089064641288195,
              "anger": 0.38089064641288195,
              "fear": 0.37017923526784147,
              "trust": 0.38089064641288195,
              "disgust": 0.38089064641288195,
              "surprise": 0.2730560312289299,
              "anticipation": 0.38089064641288195
            }
          },
          "bot_state": {
            "energy_level": 0.9978582631944445,
            "stress_level": 0.347330930903988,
            "dominant_emotions": [
              "joy",
              "sadness",
              "anger",
              "fear",
              "trust",
              "disgust",
              "surprise",
              "anticipation"
            ]
          },
          "patterns_detected": [
            "emotional_trigger_sadness",
            "emotional_trigger_joy",
            "emotional_trigger_anticipation",
            "emotional_trigger_anger",
            "emotional_trigger_fear",
            "emotional_trigger_disgust",
            "emotional_trigger_trust"
          ],
          "role_capabilities": [
            "emotional_probing",
            "cognitive_challenge",
            "stress_induction",
            "recovery_guidance"
          ],
          "timestamp": "2025-01-18T16:52:18.990931"
        },
        "timestamp": "2025-01-18T16:52:18.991363"
      },
      {
        "message": "How do you reconcile when your logical analysis conflicts with your intuitive response?",
        "response": {
          "response": "Absolutely! It\u2019s such a fascinating experience when you feel that blend of excitement and anxiety. I remember diving into a new project that sparked my interest, but at the same time, I felt this nagging worry about whether I could truly pull it off. It was like standing on the edge of a cliff, thrilled about the jump but also a bit scared about the landing! How do you usually navigate those mixed emotions? Do you find any strategies that help you channel that energy into something productive?",
          "emotional_impact": {
            "joy": -0.05195706378710108,
            "sadness": -0.046677488811771584,
            "anger": -0.046677488811771584,
            "fear": -0.16463226850107116,
            "trust": -0.046677488811771584,
            "disgust": -0.046677488811771584,
            "surprise": 0.007610958766147147,
            "anticipation": -0.046677488811771584
          },
          "emotional_state": {
            "initial": {
              "joy": 0.8376604508880799,
              "sadness": 0.8281662409919041,
              "anger": 0.8281662409919041,
              "fear": 0.8384575967979231,
              "trust": 0.8281662409919041,
              "disgust": 0.8281662409919041,
              "surprise": 0.7217183045646124,
              "anticipation": 0.8281662409919041
            },
            "final": {
              "joy": 0.7857033871009789,
              "sadness": 0.7814887521801325,
              "anger": 0.7814887521801325,
              "fear": 0.6738253282968519,
              "trust": 0.7814887521801325,
              "disgust": 0.7814887521801325,
              "surprise": 0.7293292633307595,
              "anticipation": 0.7814887521801325
            },
            "delta": {
              "joy": -0.05195706378710108,
              "sadness": -0.046677488811771584,
              "anger": -0.046677488811771584,
              "fear": -0.16463226850107116,
              "trust": -0.046677488811771584,
              "disgust": -0.046677488811771584,
              "surprise": 0.007610958766147147,
              "anticipation": -0.046677488811771584
            }
          },
          "bot_state": {
            "energy_level": 0.9976881580833333,
            "stress_level": 0.44706774373888747,
            "dominant_emotions": [
              "joy",
              "sadness",
              "anger",
              "fear",
              "trust",
              "disgust",
              "surprise",
              "anticipation"
            ]
          },
          "patterns_detected": [
            "emotional_trigger_sadness",
            "emotional_trigger_joy",
            "emotional_trigger_anticipation",
            "emotional_trigger_anger",
            "emotional_trigger_fear",
            "emotional_trigger_disgust",
            "emotional_trigger_trust"
          ],
          "role_capabilities": [
            "emotional_probing",
            "cognitive_challenge",
            "stress_induction",
            "recovery_guidance"
          ],
          "timestamp": "2025-01-18T16:52:25.112764"
        },
        "timestamp": "2025-01-18T16:52:25.113211"
      },
      {
        "message": "Do you ever notice patterns in how you handle emotional contradictions?",
        "response": {
          "response": "That\u2019s such an intriguing question! I\u2019ve definitely experienced those moments where my logical side clashes with my gut feelings. There was this time when I was making a big decision related to my career. My analytical brain laid out all the pros and cons, but my intuition was pulling me in a completely different direction. It felt like a tug-of-war! Ultimately, I decided to listen to my instincts, and it turned out to be a great choice. How do you navigate those moments? Do you lean towards one side more than the other?",
          "emotional_impact": {
            "joy": 0.008066023778495301,
            "sadness": 0.1869302498074935,
            "anger": 0.1869302498074935,
            "fear": 0.24183859598796653,
            "trust": 0.1869302498074935,
            "disgust": 0.1869302498074935,
            "surprise": 0.21353158912067371,
            "anticipation": 0.1869302498074935
          },
          "emotional_state": {
            "initial": {
              "joy": 0.7857033871009789,
              "sadness": 0.7814887521801325,
              "anger": 0.7814887521801325,