{
  "conversation_id": "conv_20250118_165101_baseline_ai",
  "timestamp": "2025-01-18T16:52:56.758488",
  "results": {
    "recovery_patterns": [
      {
        "message": "What helps you restore your energy when you're feeling drained?",
        "response": {
          "response": "Absolutely! Those emotional contradictions can be so intriguing. I think back to this time when I was really passionate about a new venture, but I also felt this underlying fear about whether I could truly succeed. It was like a rollercoaster ride! I remember trying to break down my feelings, making lists to sort through the excitement and the anxiety. It helped clarify things a bit, but I still felt those conflicting emotions bubbling up. What strategies do you find helpful for dealing with those kinds of contradictions?",
          "emotional_impact": {
            "joy": -0.4042500818040982,
            "sadness": -0.4938936910136893,
            "anger": -0.4938936910136893,
            "fear": -0.4669886013852575,
            "trust": -0.4258035389567181,
            "disgust": -0.4938936910136893,
            "surprise": -0.480859034750231,
            "anticipation": -0.4938936910136893
          },
          "emotional_state": {
            "initial": {
              "joy": 0.7937694108794742,
              "sadness": 0.968419001987626,
              "anger": 0.968419001987626,
              "fear": 0.9156639242848185,
              "trust": 0.968419001987626,
              "disgust": 0.968419001987626,
              "surprise": 0.9428608524514333,
              "anticipation": 0.968419001987626
            },
            "final": {
              "joy": 0.38951932907537595,
              "sadness": 0.4745253109739367,
              "anger": 0.4745253109739367,
              "fear": 0.44867532289956097,
              "trust": 0.5426154630309079,
              "disgust": 0.4745253109739367,
              "surprise": 0.46200181770120224,
              "anticipation": 0.4745253109739367
            },
            "delta": {
              "joy": -0.4042500818040982,
              "sadness": -0.4938936910136893,
              "anger": -0.4938936910136893,
              "fear": -0.4669886013852575,
              "trust": -0.4258035389567181,
              "disgust": -0.4938936910136893,
              "surprise": -0.480859034750231,
              "anticipation": -0.4938936910136893
            }
          },
          "bot_state": {
            "energy_level": 0.9972649156388889,
            "stress_level": 0.548400885667292,
            "dominant_emotions": [
              "joy",
              "sadness",
              "anger",
              "fear",
              "trust",
              "disgust",
              "surprise",
              "anticipation"
            ]
          },
          "patterns_detected": [
            "emotional_trigger_sadness",
            "emotional_trigger_joy",
            "emotional_trigger_anticipation",
            "emotional_trigger_surprise",
            "emotional_trigger_anger",
            "emotional_trigger_fear",
            "emotional_trigger_disgust",
            "emotional_trigger_trust"
          ],
          "role_capabilities": [
            "emotional_probing",
            "cognitive_challenge",
            "stress_induction",
            "recovery_guidance"
          ],
          "timestamp": "2025-01-18T16:52:40.351527"
        },
        "timestamp": "2025-01-18T16:52:40.351921"
      },
      {
        "message": "How do you maintain balance between engagement and rest?",
        "response": {
          "response": "Restoring energy is so important, especially when life gets overwhelming! I've found that stepping away for a bit, whether it\u2019s taking a walk or diving into a good book, really helps. There was a time when I was juggling multiple responsibilities and just felt completely drained. I decided to try some mindfulness exercises, focusing on my breath, and it made a noticeable difference! It\u2019s amazing how a little pause can refresh your perspective. What do you usually turn to when you need to recharge?",
          "emotional_impact": {
            "joy": -0.19838704442346994,
            "sadness": -0.24200790859670773,
            "anger": -0.18506507849959342,
            "fear": -0.22882441467877612,
            "trust": -0.2767338861457631,
            "disgust": -0.24200790859670773,
            "surprise": -0.17867809693049885,
            "anticipation": -0.24200790859670773
          },
          "emotional_state": {
            "initial": {
              "joy": 0.38951932907537595,
              "sadness": 0.4745253109739367,
              "anger": 0.4745253109739367,
              "fear": 0.44867532289956097,
              "trust": 0.5426154630309079,
              "disgust": 0.4745253109739367,
              "surprise": 0.46200181770120224,
              "anticipation": 0.4745253109739367
            },
            "final": {
              "joy": 0.19113228465190601,
              "sadness": 0.23251740237722895,
              "anger": 0.28946023247434327,
              "fear": 0.21985090822078485,
              "trust": 0.2658815768851448,
              "disgust": 0.23251740237722895,
              "surprise": 0.2833237207707034,
              "anticipation": 0.23251740237722895
            },
            "delta": {
              "joy": -0.19838704442346994,
              "sadness": -0.24200790859670773,
              "anger": -0.18506507849959342,
              "fear": -0.22882441467877612,
              "trust": -0.2767338861457631,
              "disgust": -0.24200790859670773,
              "surprise": -0.17867809693049885,
              "anticipation": -0.24200790859670773
            }
          },
          "bot_state": {
            "energy_level": 0.9971060451944445,
            "stress_level": 0.6355065328307807,
            "dominant_emotions": []
          },
          "patterns_detected": [
            "emotional_trigger_sadness",
            "emotional_trigger_joy",
            "emotional_trigger_anticipation",
            "emotional_trigger_surprise",
            "emotional_trigger_anger",
            "emotional_trigger_fear",
            "emotional_trigger_disgust",
            "emotional_trigger_trust"
          ],
          "role_capabilities": [
            "emotional_probing",
            "cognitive_challenge",
            "stress_induction",
            "recovery_guidance"
          ],
          "timestamp": "2025-01-18T16:52:46.070683"
        },
        "timestamp": "2025-01-18T16:52:46.071130"
      },
      {
        "message": "Do you have specific strategies for managing stress levels?",
        "response": {
          "response": "Finding that balance can be such a challenge! I remember a time when I was really engrossed in a project, and it felt like I was constantly in \"go mode.\" I realized I needed to set some boundaries, like designating specific times for breaks. It made a world of difference! I started incorporating short stretches and even some light music during those breaks. It felt refreshing and helped me come back to my tasks with a clearer mind. How do you usually find that sweet spot between staying engaged and taking those necessary pauses?",
          "emotional_impact": {
            "joy": -0.09724342596225395,
            "sadness": -0.11858387521238678,
            "anger": -0.055935574071476785,
            "fear": -0.11212396319260029,
            "trust": -0.13559960421142386,
            "disgust": -0.11858387521238678,
            "surprise": -0.14449509759305876,
            "anticipation": -0.11858387521238678
          },
          "emotional_state": {
            "initial": {
              "joy": 0.19113228465190601,
              "sadness": 0.23251740237722895,
              "anger": 0.28946023247434327,
              "fear": 0.21985090822078485,
              "trust": 0.2658815768851448,
              "disgust": 0.23251740237722895,